launch_designator,window_start,window_end,name,SLC,success
2010-004,2010-02-08 09:14:08+00:00,2010-02-08 09:14:08+00:00,Space Shuttle Endeavour / OV-105 | STS-130,Launch Complex 39A,True
2010-012,2010-04-05 10:21:22+00:00,2010-04-05 10:21:22+00:00,Space Shuttle Discovery / OV-103 | STS-131,Launch Complex 39A,True
2010-019,2010-05-14 18:20:09+00:00,2010-05-14 18:20:09+00:00,Space Shuttle Atlantis / OV-104 | STS-132,Launch Complex 39A,True
2011-008,2011-02-24 21:53:24+00:00,2011-02-24 21:53:24+00:00,Space Shuttle Discovery / OV-103 | STS-133,Launch Complex 39A,True
2011-020,2011-05-16 12:56:28+00:00,2011-05-16 12:56:28+00:00,Space Shuttle Endeavour / OV-105 | STS-134,Launch Complex 39A,True
2011-031,2011-07-08 15:29:04+00:00,2011-07-08 15:29:04+00:00,Space Shuttle Atlantis / OV-104 | STS-135,Launch Complex 39A,True
2016-007,2016-02-05 13:38:00+00:00,2016-02-05 13:57:00+00:00,Atlas V 401 | GPS IIF-12 (USA-266),Space Launch Complex 41,True
2016-013,2016-03-04 23:35:00+00:00,2016-03-05 01:06:00+00:00,Falcon 9 Full Thrust | SES-9,Space Launch Complex 40,True
2016-019,2016-03-23 03:05:52+00:00,2016-03-23 03:35:00+00:00,Atlas V 401 | Cygnus CRS OA-6 (S.S. Rick Husband),Space Launch Complex 41,True
2016-024,2016-04-08 20:43:32+00:00,2016-04-08 20:43:32+00:00,Falcon 9 Full Thrust | SpX CRS-8,Space Launch Complex 40,True
2016-028,2016-05-06 05:21:00+00:00,2016-05-06 07:21:00+00:00,Falcon 9 Full Thrust | JCSAT-14,Space Launch Complex 40,True
2016-031,2016-05-27 21:39:00+00:00,2016-05-27 23:39:00+00:00,Falcon 9 Full Thrust | Thaicom 8,Space Launch Complex 40,True
2016-036,2016-06-11 17:51:00+00:00,2016-06-11 17:51:00+00:00,Delta IV Heavy | NROL-37,Space Launch Complex 37A,True
2016-038,2016-06-15 14:29:00+00:00,2016-06-15 15:13:00+00:00,Falcon 9 Full Thrust | Eutelsat 117 West B & ABS-2A,Space Launch Complex 40,True
2016-041,2016-06-24 14:30:00+00:00,2016-06-24 15:14:00+00:00,Atlas V 551 | MUOS-5,Space Launch Complex 41,True
2016-046,2016-07-18 04:45:29+00:00,2016-07-18 04:45:29+00:00,Falcon 9 Full Thrust | SpX CRS-9,Space Launch Complex 40,True
2016-047,2016-07-28 12:00:00+00:00,2016-07-28 16:00:00+00:00,Atlas V 421 | NROL-61,Space Launch Complex 41,True
2016-050,2016-08-14 05:26:00+00:00,2016-08-14 07:26:00+00:00,Falcon 9 Full Thrust | JCSAT-16,Space Launch Complex 40,True
2016-052,2016-08-19 04:47:00+00:00,2016-08-19 05:52:00+00:00,"Delta IV M+(4,2) | AFSPC-6",Space Launch Complex 41,True
,2016-09-03 07:00:00+00:00,2016-09-03 09:00:00+00:00,Falcon 9 Full Thrust | Amos 6 (Failure before launch),Space Launch Complex 40,True
2016-055,2016-09-08 23:05:00+00:00,2016-09-09 01:05:00+00:00,Atlas V 411 | OSIRIS-REx,Space Launch Complex 41,True
2016-071,2016-11-19 22:42:00+00:00,2016-11-19 23:42:00+00:00,Atlas V 541 | GOES-R,Space Launch Complex 41,True
2016-075,2016-12-07 23:53:00+00:00,2016-12-08 00:42:00+00:00,"Delta IV M+(5,4) | WGS-8 (USA-272)",Space Launch Complex 37B,True
2016-078,2016-12-15 13:21:00+00:00,2016-12-15 14:21:00+00:00,Pegasus XL | 8 x CYGNSS,Cape Canaveral,True
2016-079,2016-12-18 18:27:00+00:00,2016-12-18 20:27:00+00:00,Atlas V 431 | Echostar 19 (Jupiter-2),Space Launch Complex 41,True
2017-004,2017-01-21 00:42:00+00:00,2017-01-21 01:22:00+00:00,Atlas V 401 | SBIRS GEO Flight 3 (SBIRS GEO-4),Space Launch Complex 41,True
2017-009,2017-02-19 14:39:00+00:00,2017-02-19 14:39:00+00:00,Falcon 9 Full Thrust | SpX CRS-10,Launch Complex 39A,True
2017-014,2017-03-16 05:35:00+00:00,2017-03-16 08:05:00+00:00,Falcon 9 Full Thrust | Echostar 23,Launch Complex 39A,True
2017-016,2017-03-18 23:44:00+00:00,2017-03-19 00:59:00+00:00,"Delta IV M+(5,4) | WGS-9 (USA-275)",Space Launch Complex 37B,True
2017-017,2017-03-30 22:27:00+00:00,2017-03-31 00:57:00+00:00,Falcon 9 Full Thrust | SES-10,Launch Complex 39A,True
2017-019,2017-04-18 15:11:00+00:00,2017-04-18 15:41:00+00:00,Atlas V 401 | Cygnus CRS OA-7 (S.S. John Glenn),Space Launch Complex 41,True
2017-022,2017-05-01 11:00:00+00:00,2017-05-01 13:00:00+00:00,Falcon 9 Full Thrust | NROL-76,Launch Complex 39A,True
2017-025,2017-05-15 23:21:00+00:00,2017-05-16 00:10:00+00:00,Falcon 9 Full Thrust | Inmarsat-5 F4,Launch Complex 39A,True
2017-030,2017-06-03 21:07:38+00:00,2017-06-03 21:07:38+00:00,Falcon 9 Full Thrust | SpX CRS-11,Launch Complex 39A,True
2017-038,2017-06-23 18:10:00+00:00,2017-06-23 20:10:00+00:00,Falcon 9 Full Thrust | BulgariaSat-1,Launch Complex 39A,True
2017-041,2017-07-05 23:38:00+00:00,2017-07-06 00:35:00+00:00,Falcon 9 Full Thrust | Intelsat 35e,Launch Complex 39A,True
2017-045,2017-08-14 16:31:37+00:00,2017-08-14 16:31:37+00:00,Falcon 9 Block 4 | SpX CRS-12,Launch Complex 39A,True
2017-047,2017-08-18 12:03:00+00:00,2017-08-18 12:43:00+00:00,Atlas V 401 | TDRS-M,Space Launch Complex 41,True
2017-050,2017-08-26 03:15:00+00:00,2017-08-26 07:15:00+00:00,Minotaur IV | ORS-5,Space Launch Complex 46,True
2017-052,2017-09-07 13:50:00+00:00,2017-09-07 18:55:00+00:00,Falcon 9 Block 4 | OTV-5 (X-37B),Launch Complex 39A,True
2017-063,2017-10-11 22:53:00+00:00,2017-10-12 00:53:00+00:00,Falcon 9 Full Thrust | Echostar 105/SES-11,Launch Complex 39A,True
2017-066,2017-10-15 07:28:00+00:00,2017-10-15 07:28:00+00:00,Atlas V 421 | NROL-52,Space Launch Complex 41,True
2017-067,2017-10-30 19:34:00+00:00,2017-10-30 21:58:00+00:00,Falcon 9 Block 4 | Koreasat 5A,Launch Complex 39A,True
2017-080,2017-12-15 15:36:09+00:00,2017-12-15 15:36:09+00:00,Falcon 9 Full Thrust | SpX CRS-13,Space Launch Complex 40,True
2018-001,2018-01-08 01:00:00+00:00,2018-01-08 03:00:00+00:00,Falcon 9 Block 4 | Zuma,Space Launch Complex 40,True
2018-009,2018-01-20 00:48:00+00:00,2018-01-20 01:32:00+00:00,Atlas V 411 | SBIRS GEO Flight 4 (SBIRS GEO-3),Space Launch Complex 41,True
2018-013,2018-01-31 21:25:00+00:00,2018-01-31 23:46:00+00:00,Falcon 9 Full Thrust | GovSat (SES-16),Space Launch Complex 40,True
2018-017,2018-02-06 18:30:00+00:00,2018-02-06 21:00:00+00:00,Falcon Heavy | Demo (Test Flight),Launch Complex 39A,True
2018-022,2018-03-01 22:02:00+00:00,2018-03-02 00:02:00+00:00,Atlas V 541 | GOES-S,Space Launch Complex 41,True
2018-023,2018-03-06 05:33:00+00:00,2018-03-06 07:33:00+00:00,Falcon 9 Block 4 | Hispasat 30W-6 (Hispasat 1F),Space Launch Complex 40,True
2018-032,2018-04-02 20:30:38+00:00,2018-04-02 20:30:38+00:00,Falcon 9 Block 4 | SpX CRS-14,Space Launch Complex 40,True
2018-036,2018-04-14 23:13:00+00:00,2018-04-15 01:11:00+00:00,Atlas V 551 | AFSPC-11,Space Launch Complex 41,True
2018-038,2018-04-18 22:51:31+00:00,2018-04-18 22:52:01+00:00,Falcon 9 Block 4 | TESS (Transiting Exoplanet Survey Satellite),Space Launch Complex 40,True
2018-044,2018-05-11 20:14:00+00:00,2018-05-11 22:21:00+00:00,Falcon 9 Block 5 | Bangabandhu-1,Launch Complex 39A,True
2018-049,2018-06-04 04:29:00+00:00,2018-06-04 08:29:00+00:00,Falcon 9 Block 4 | SES-12,Space Launch Complex 40,True
2018-055,2018-06-29 09:42:41+00:00,2018-06-29 09:42:41+00:00,Falcon 9 Block 4 | SpX CRS-15,Space Launch Complex 40,True
2018-059,2018-07-22 05:50:00+00:00,2018-07-22 09:50:00+00:00,Falcon 9 Block 5 | Telstar 19 VANTAGE,Space Launch Complex 40,True
2018-064,2018-08-07 05:18:00+00:00,2018-08-07 07:18:00+00:00,Falcon 9 Block 5 | Merah Putih (Telkom-4),Space Launch Complex 40,True
2018-065,2018-08-12 07:31:00+00:00,2018-08-12 08:36:00+00:00,Delta IV Heavy | Parker Solar Probe,Space Launch Complex 37B,True
2018-069,2018-09-10 03:28:00+00:00,2018-09-10 07:28:00+00:00,Falcon 9 Block 5 | Telstar 18 VANTAGE,Space Launch Complex 40,True
2018-079,2018-10-17 04:15:00+00:00,2018-10-17 06:15:00+00:00,Atlas V 551 | AEHF-4 (USA 288),Space Launch Complex 41,True
2018-090,2018-11-15 20:46:00+00:00,2018-11-15 22:29:00+00:00,Falcon 9 Block 5 | Es'hail 2,Launch Complex 39A,True
2018-101,2018-12-05 18:16:16+00:00,2018-12-05 18:16:16+00:00,Falcon 9 Block 5 | SpX CRS-16,Space Launch Complex 40,True
2018-109,2018-12-23 13:51:00+00:00,2018-12-23 14:17:00+00:00,Falcon 9 Block 5 | GPS III SV01,Space Launch Complex 40,True
2019-009,2019-02-22 01:45:00+00:00,2019-02-22 02:17:00+00:00,"Falcon 9 Block 5 | Nusantara Satu & GTO-1 (Beresheet, S5)",Space Launch Complex 40,True
2019-011,2019-03-02 07:49:00+00:00,2019-03-02 07:49:00+00:00,Falcon 9 Block 5 | SpX-DM1 (Demonstration Mission 1),Launch Complex 39A,True
2019-014,2019-03-15 22:56:00+00:00,2019-03-16 01:05:00+00:00,"Delta IV M+(5,4) | WGS-10",Space Launch Complex 37B,True
2019-021,2019-04-11 22:35:00+00:00,2019-04-12 00:31:00+00:00,Falcon Heavy | Arabsat-6A,Launch Complex 39A,True
2019-025,2019-05-04 06:48:58+00:00,2019-05-04 06:48:58+00:00,Falcon 9 Block 5 | SpX CRS-17,Space Launch Complex 40,True
2019-029,2019-05-24 02:30:00+00:00,2019-05-24 04:00:00+00:00,Falcon 9 Block 5 | Starlink Demo (0.9),Space Launch Complex 40,True
2019-036,2019-06-25 03:30:00+00:00,2019-06-25 07:30:00+00:00,Falcon Heavy | STP-2,Launch Complex 39A,True
,2019-07-02 11:00:00+00:00,2019-07-02 11:00:00+00:00,Orion Test Booster | Ascent Abort-2,Space Launch Complex 46,True
2019-044,2019-07-25 22:01:56+00:00,2019-07-25 22:01:56+00:00,Falcon 9 Block 5 | SpX CRS-18,Space Launch Complex 40,True
2019-050,2019-08-06 22:53:00+00:00,2019-08-07 00:21:00+00:00,Falcon 9 Block 5 | Amos-17,Space Launch Complex 40,True
2019-051,2019-08-08 09:44:00+00:00,2019-08-08 11:44:00+00:00,Atlas V 551 | AEHF-5 (USA 292),Space Launch Complex 41,True
2019-056,2019-08-22 13:00:30+00:00,2019-08-22 13:27:00+00:00,"Delta IV M+(4,2) | GPS III SV02",Space Launch Complex 37B,True
2019-068,2019-10-11 01:30:00+00:00,2019-10-11 02:55:00+00:00,Pegasus XL | Ionospheric Connection Explorer (ICON),Cape Canaveral,True
2019-074,2019-11-11 14:50:00+00:00,2019-11-11 15:01:00+00:00,Falcon 9 Block 5 | Starlink 1,Space Launch Complex 40,True
2019-083,2019-12-05 17:29:24+00:00,2019-12-05 17:29:24+00:00,Falcon 9 Block 5 | SpX CRS-19,Space Launch Complex 40,True
2019-091,2019-12-17 00:10:00+00:00,2019-12-17 01:38:00+00:00,Falcon 9 Block 5 | JCSAT-18/KACIFIC-1,Space Launch Complex 40,True
2019-094,2019-12-20 11:36:43+00:00,2019-12-20 11:36:43+00:00,Atlas V N22 | CST-100 Starliner Orbital Flight Test,Space Launch Complex 41,True
2020-001,2020-01-07 02:19:21+00:00,2020-01-07 02:19:21+00:00,Falcon 9 Block 5 | Starlink 2,Space Launch Complex 40,True
,2020-01-19 13:00:00+00:00,2020-01-19 19:00:00+00:00,Falcon 9 Block 5 | Dragon In-Flight Abort Test,Launch Complex 39A,True
2020-006,2020-01-29 14:06:00+00:00,2020-01-29 14:06:00+00:00,Falcon 9 Block 5 | Starlink 3,Space Launch Complex 40,True
2020-010,2020-02-10 04:03:00+00:00,2020-02-10 06:03:00+00:00,Atlas V 411 | Solar Orbiter,Space Launch Complex 41,True
2020-012,2020-02-17 15:05:55+00:00,2020-02-17 15:05:55+00:00,Falcon 9 Block 5 | Starlink 4,Space Launch Complex 40,True
2020-016,2020-03-07 04:50:31+00:00,2020-03-07 04:50:31+00:00,Falcon 9 Block 5 | SpX CRS-20,Space Launch Complex 40,True
2020-019,2020-03-18 12:16:39+00:00,2020-03-18 12:16:39+00:00,Falcon 9 Block 5 | Starlink 5,Launch Complex 39A,True
2020-022,2020-03-26 18:57:00+00:00,2020-03-26 20:57:00+00:00,Atlas V 551 | AEHF-6,Space Launch Complex 41,True
2020-025,2020-04-22 19:30:00+00:00,2020-04-22 19:30:00+00:00,Falcon 9 Block 5 | Starlink 6,Launch Complex 39A,True
2020-029,2020-05-17 13:14:00+00:00,2020-05-17 15:02:00+00:00,Atlas V 501 | OTV-6 (X-37B) (USSF-7),Space Launch Complex 41,True
2020-033,2020-05-30 19:22:45+00:00,2020-05-30 19:22:45+00:00,Falcon 9 Block 5 | SpX-DM2 (Demonstration Mission 2),Launch Complex 39A,True
2020-035,2020-06-04 01:25:33+00:00,2020-06-04 01:25:33+00:00,Falcon 9 Block 5 | Starlink 7,Space Launch Complex 40,True
2020-038,2020-06-13 09:21:18+00:00,2020-06-13 09:21:18+00:00,Falcon 9 Block 5 | Starlink 8,Space Launch Complex 40,True
2020-041,2020-06-30 19:55:00+00:00,2020-06-30 20:10:46+00:00,Falcon 9 Block 5 | GPS III SV03,Space Launch Complex 40,True
2020-048,2020-07-20 21:00:00+00:00,2020-07-21 00:55:00+00:00,Falcon 9 Block 5 | ANASIS-II,Space Launch Complex 40,True
2020-052,2020-07-30 11:50:00+00:00,2020-07-30 13:50:00+00:00,Atlas V 541 | Mars 2020 (Perseverance rover & Ingenuity helicopter),Space Launch Complex 41,True
2020-055,2020-08-07 05:12:00+00:00,2020-08-07 05:12:00+00:00,Falcon 9 Block 5 | Starlink 9,Launch Complex 39A,True
2020-057,2020-08-18 14:31:00+00:00,2020-08-18 14:31:00+00:00,Falcon 9 Block 5 | Starlink 10,Space Launch Complex 40,True
2020-059,2020-08-30 23:18:00+00:00,2020-08-30 23:18:00+00:00,Falcon 9 Block 5 | SAOCOM 1B,Space Launch Complex 40,True
2020-060,2020-08-31 03:05:47+00:00,2020-08-31 03:05:47+00:00,Electron | I Can‚Äôt Believe It‚Äôs Not Optical (Capella 2 & First Light),Rocket Lab Launch Complex 1A,True
2020-062,2020-09-03 12:46:14+00:00,2020-09-03 12:46:14+00:00,Falcon 9 Block 5 | Starlink 11,Launch Complex 39A,True
2020-070,2020-10-06 11:29:34+00:00,2020-10-06 11:29:34+00:00,Falcon 9 Block 5 | Starlink 12,Launch Complex 39A,True
2020-073,2020-10-18 12:25:57+00:00,2020-10-18 12:25:57+00:00,Falcon 9 Block 5 | Starlink 13,Launch Complex 39A,True
2020-074,2020-10-24 15:31:34+00:00,2020-10-24 15:31:34+00:00,Falcon 9 Block 5 | Starlink 14,Space Launch Complex 40,True
2020-078,2020-11-05 23:24:00+00:00,2020-11-05 23:39:00+00:00,Falcon 9 Block 5 | GPS III SV04,Space Launch Complex 40,True
2020-083,2020-11-13 22:13:00+00:00,2020-11-14 01:05:00+00:00,Atlas V 531 | NROL-101,Space Launch Complex 41,True
2020-084,2020-11-16 00:27:17+00:00,2020-11-16 00:27:17+00:00,Falcon 9 Block 5 | Crew-1,Launch Complex 39A,True
2020-088,2020-11-25 02:13:12+00:00,2020-11-25 02:13:12+00:00,Falcon 9 Block 5 | Starlink 15,Space Launch Complex 40,True
2020-093,2020-12-06 16:17:08+00:00,2020-12-06 16:17:08+00:00,Falcon 9 Block 5 | Dragon CRS-2 SpX-21,Launch Complex 39A,True
2020-095,2020-12-10 22:50:00+00:00,2020-12-11 03:30:00+00:00,Delta IV Heavy | NROL-44,Space Launch Complex 37B,True
2020-096,2020-12-13 16:22:00+00:00,2020-12-13 18:21:00+00:00,Falcon 9 Block 5 | Sirius SXM-7,Space Launch Complex 40,True
2020-101,2020-12-19 14:00:00+00:00,2020-12-19 17:00:00+00:00,Falcon 9 Block 5 | NROL-108,Launch Complex 39A,True
2021-001,2021-01-08 01:28:00+00:00,2021-01-08 05:28:00+00:00,Falcon 9 Block 5 | T√ºrksat 5A,Space Launch Complex 40,True
2021-005,2021-01-20 13:02:00+00:00,2021-01-20 13:02:00+00:00,Falcon 9 Block 5 | Starlink 16,Launch Complex 39A,True
2021-006,2021-01-24 15:00:00+00:00,2021-01-24 15:22:00+00:00,Falcon 9 Block 5 | Transporter 1 (Dedicated SSO Rideshare),Space Launch Complex 40,True
2021-009,2021-02-04 06:19:54+00:00,2021-02-04 06:19:54+00:00,Falcon 9 Block 5 | Starlink 18,Space Launch Complex 40,True
2021-012,2021-02-16 03:59:37+00:00,2021-02-16 03:59:37+00:00,Falcon 9 Block 5 | Starlink 19,Space Launch Complex 40,True
2021-017,2021-03-04 08:24:54+00:00,2021-03-04 08:24:54+00:00,Falcon 9 Block 5 | Starlink 17,Launch Complex 39A,True
2021-018,2021-03-11 08:13:29+00:00,2021-03-11 08:13:29+00:00,Falcon 9 Block 5 | Starlink 20,Space Launch Complex 40,True
2021-021,2021-03-14 10:01:26+00:00,2021-03-14 10:01:26+00:00,Falcon 9 Block 5 | Starlink 21,Launch Complex 39A,True
2021-024,2021-03-24 08:28:00+00:00,2021-03-24 08:28:00+00:00,Falcon 9 Block 5 | Starlink 22,Space Launch Complex 40,True
2021-027,2021-04-07 16:34:00+00:00,2021-04-07 16:34:00+00:00,Falcon 9 Block 5 | Starlink 23,Space Launch Complex 40,True
2021-030,2021-04-23 09:49:02+00:00,2021-04-23 09:49:02+00:00,Falcon 9 Block 5 | Crew-2,Launch Complex 39A,True
2021-036,2021-04-29 03:44:30+00:00,2021-04-29 03:44:30+00:00,Falcon 9 Block 5 | Starlink 24,Space Launch Complex 40,True
2021-038,2021-05-04 19:01:00+00:00,2021-05-04 19:01:00+00:00,Falcon 9 Block 5 | Starlink 25,Launch Complex 39A,True
2021-040,2021-05-09 06:42:00+00:00,2021-05-09 06:42:00+00:00,Falcon 9 Block 5 | Starlink 27,Space Launch Complex 40,True
2021-041,2021-05-15 22:56:00+00:00,2021-05-15 22:56:00+00:00,Falcon 9 Block 5 | Starlink 26,Launch Complex 39A,True
2021-042,2021-05-18 17:31:00+00:00,2021-05-18 18:11:00+00:00,Atlas V 421 | SBIRS GEO-5,Space Launch Complex 41,True
2021-044,2021-05-26 18:59:00+00:00,2021-05-26 18:59:00+00:00,Falcon 9 Block 5 | Starlink 28,Space Launch Complex 40,True
2021-048,2021-06-03 17:29:15+00:00,2021-06-03 17:29:15+00:00,Falcon 9 Block 5 | Dragon CRS-2 SpX-22,Launch Complex 39A,True
2021-049,2021-06-06 04:26:00+00:00,2021-06-06 06:25:00+00:00,Falcon 9 Block 5 | Sirius SXM-8,Space Launch Complex 40,True
2021-054,2021-06-17 16:09:00+00:00,2021-06-17 16:24:00+00:00,Falcon 9 Block 5 | GPS III SV05,Space Launch Complex 40,True
2021-059,2021-06-30 18:56:00+00:00,2021-06-30 19:54:00+00:00,Falcon 9 Block 5 | Transporter 2 (Dedicated SSO Rideshare),Space Launch Complex 40,True
2021-078,2021-08-29 07:14:49+00:00,2021-08-29 07:14:49+00:00,Falcon 9 Block 5 | Dragon CRS-2 SpX-23,Launch Complex 39A,True
2021-084,2021-09-16 00:02:00+00:00,2021-09-16 05:13:00+00:00,Falcon 9 Block 5 | Inspiration4,Launch Complex 39A,True
2021-093,2021-10-16 09:34:00+00:00,2021-10-16 10:49:00+00:00,Atlas V 401 | Lucy,Space Launch Complex 41,True
2021-103,2021-11-11 02:03:31+00:00,2021-11-11 02:03:31+00:00,Falcon 9 Block 5 | Crew-3,Launch Complex 39A,True
2021-104,2021-11-13 12:18:56+00:00,2021-11-13 12:18:56+00:00,Falcon 9 Block 5 | Starlink Group 4-1,Space Launch Complex 40,True
2021-115,2021-12-02 23:12:00+00:00,2021-12-02 23:12:00+00:00,Falcon 9 Block 5 | Starlink Group 4-3,Space Launch Complex 40,True
2021-118,2021-12-07 09:04:00+00:00,2021-12-07 11:04:00+00:00,Atlas V 551 | STP-3,Space Launch Complex 41,True
2021-121,2021-12-09 06:00:00+00:00,2021-12-09 07:30:00+00:00,Falcon 9 Block 5 | X-Ray Polarimetry Explorer (IXPE),Launch Complex 39A,True
2021-126,2021-12-19 03:58:00+00:00,2021-12-19 05:28:00+00:00,Falcon 9 Block 5 | T√ºrksat 5B,Space Launch Complex 40,True
2021-127,2021-12-21 10:07:08+00:00,2021-12-21 10:07:08+00:00,Falcon 9 Block 5 | Dragon CRS-2 SpX-24,Launch Complex 39A,True
2022-001,2022-01-06 21:49:10+00:00,2022-01-06 21:49:10+00:00,Falcon 9 Block 5 | Starlink Group 4-5,Launch Complex 39A,True
2022-002,2022-01-13 15:25:39+00:00,2022-01-13 15:54:00+00:00,Falcon 9 Block 5 | Transporter 3 (Dedicated SSO Rideshare),Space Launch Complex 40,True
2022-005,2022-01-19 02:02:40+00:00,2022-01-19 02:02:40+00:00,Falcon 9 Block 5 | Starlink Group 4-6,Launch Complex 39A,True
2022-006,2022-01-21 18:15:00+00:00,2022-01-21 21:15:00+00:00,Atlas V 511 | USSF-8,Space Launch Complex 41,True
2022-008,2022-01-31 23:11:14+00:00,2022-01-31 23:11:14+00:00,Falcon 9 Block 5 | CSG-2,Space Launch Complex 40,True
2022-010,2022-02-03 18:13:20+00:00,2022-02-03 18:13:20+00:00,Falcon 9 Block 5 | Starlink Group 4-7,Launch Complex 39A,True
,2022-02-10 20:00:00+00:00,2022-02-10 21:00:00+00:00,Astra Rocket 3 | ELaNa 41,Space Launch Complex 46,True
2022-016,2022-02-21 14:44:20+00:00,2022-02-21 14:44:20+00:00,Falcon 9 Block 5 | Starlink Group 4-8,Space Launch Complex 40,True
2022-021,2022-03-01 21:38:00+00:00,2022-03-01 23:38:00+00:00,Atlas V 541 | GOES-T,Space Launch Complex 41,True
2022-022,2022-03-03 14:25:00+00:00,2022-03-03 14:25:00+00:00,Falcon 9 Block 5 | Starlink Group 4-9,Launch Complex 39A,True
2022-025,2022-03-09 13:45:00+00:00,2022-03-09 13:45:00+00:00,Falcon 9 Block 5 | Starlink Group 4-10,Space Launch Complex 40,True
2022-029,2022-03-19 04:42:30+00:00,2022-03-19 04:42:30+00:00,Falcon 9 Block 5 | Starlink Group 4-12,Space Launch Complex 40,True
2022-033,2022-04-01 16:24:17+00:00,2022-04-01 16:24:17+00:00,Falcon 9 Block 5 | Transporter 4 (Dedicated SSO Rideshare),Space Launch Complex 40,True
2022-037,2022-04-08 15:17:11+00:00,2022-04-08 15:17:11+00:00,Falcon 9 Block 5 | Axiom Space Mission 1,Launch Complex 39A,True
2022-041,2022-04-21 17:51:40+00:00,2022-04-21 17:51:40+00:00,Falcon 9 Block 5 | Starlink Group 4-14,Space Launch Complex 40,True
2022-042,2022-04-27 07:52:55+00:00,2022-04-27 07:52:55+00:00,Falcon 9 Block 5 | Crew-4,Launch Complex 39A,True
2022-045,2022-04-29 21:27:10+00:00,2022-04-29 21:27:10+00:00,Falcon 9 Block 5 | Starlink Group 4-16,Space Launch Complex 40,True
2022-049,2022-05-06 09:42:00+00:00,2022-05-06 09:42:00+00:00,Falcon 9 Block 5 | Starlink Group 4-17,Launch Complex 39A,True
2022-052,2022-05-14 20:40:50+00:00,2022-05-14 20:40:50+00:00,Falcon 9 Block 5 | Starlink Group 4-15,Space Launch Complex 40,True
2022-053,2022-05-18 10:59:40+00:00,2022-05-18 10:59:40+00:00,Falcon 9 Block 5 | Starlink Group 4-18,Launch Complex 39A,True
2022-055,2022-05-19 22:54:47+00:00,2022-05-19 22:54:47+00:00,Atlas V N22 | CST-100 Starliner Orbital Flight Test 2 (OFT-2),Space Launch Complex 41,True
2022-057,2022-05-25 18:27:00+00:00,2022-05-25 19:24:00+00:00,Falcon 9 Block 5 | Transporter 5 (Dedicated SSO Rideshare),Space Launch Complex 40,True
2022-061,2022-06-08 21:04:00+00:00,2022-06-08 23:33:00+00:00,Falcon 9 Block 5 | Nilesat-301,Space Launch Complex 40,True
,2022-06-12 16:00:00+00:00,2022-06-12 18:00:00+00:00,Astra Rocket 3 | TROPICS-1,Space Launch Complex 46,True
2022-062,2022-06-17 16:08:50+00:00,2022-06-17 16:08:50+00:00,Falcon 9 Block 5 | Starlink Group 4-19,Launch Complex 39A,True
2022-064,2022-06-19 04:27:36+00:00,2022-06-19 04:27:36+00:00,Falcon 9 Block 5 | Globalstar-2 FM15 & USA 328-331,Space Launch Complex 40,True
2022-071,2022-06-29 21:04:00+00:00,2022-06-29 23:04:00+00:00,Falcon 9 Block 5 | SES-22,Space Launch Complex 40,True
2022-073,2022-07-01 22:00:00+00:00,2022-07-02 00:00:00+00:00,Atlas V 541 | USSF-12,Space Launch Complex 41,True
2022-076,2022-07-07 13:11:00+00:00,2022-07-07 13:11:00+00:00,Falcon 9 Block 5 | Starlink Group 4-21,Space Launch Complex 40,True
2022-081,2022-07-15 00:44:20+00:00,2022-07-15 00:44:20+00:00,Falcon 9 Block 5 | Dragon CRS-2 SpX-25,Launch Complex 39A,True
2022-083,2022-07-17 14:20:00+00:00,2022-07-17 14:20:00+00:00,Falcon 9 Block 5 | Starlink Group 4-22,Space Launch Complex 40,True
2022-086,2022-07-24 13:38:20+00:00,2022-07-24 13:38:20+00:00,Falcon 9 Block 5 | Starlink Group 4-25,Launch Complex 39A,True
2022-092,2022-08-04 10:29:00+00:00,2022-08-04 11:09:00+00:00,Atlas V 421 | SBIRS GEO-6,Space Launch Complex 41,True
2022-094,2022-08-04 23:08:48+00:00,2022-08-04 23:08:48+00:00,Falcon 9 Block 5 | Danuri (KPLO - Korean Pathfinder Lunar Orbiter),Space Launch Complex 40,True
2022-097,2022-08-10 02:14:40+00:00,2022-08-10 02:14:40+00:00,Falcon 9 Block 5 | Starlink Group 4-26,Launch Complex 39A,True
2022-101,2022-08-19 19:21:20+00:00,2022-08-19 19:21:20+00:00,Falcon 9 Block 5 | Starlink Group 4-27,Space Launch Complex 40,True
2022-104,2022-08-28 03:41:20+00:00,2022-08-28 03:41:20+00:00,Falcon 9 Block 5 | Starlink Group 4-23,Space Launch Complex 40,True
2022-107,2022-09-05 02:09:40+00:00,2022-09-05 02:09:40+00:00,Falcon 9 Block 5 | Starlink Group 4-20 & Varuna-TDM,Space Launch Complex 40,True
2022-111,2022-09-11 01:20:00+00:00,2022-09-11 01:20:00+00:00,Falcon 9 Block 5 | Starlink Group 4-2 & BlueWalker 3,Launch Complex 39A,True
2022-114,2022-09-19 00:18:40+00:00,2022-09-19 00:18:40+00:00,Falcon 9 Block 5 | Starlink Group 4-34,Space Launch Complex 40,True
2022-119,2022-09-24 23:32:10+00:00,2022-09-24 23:32:10+00:00,Falcon 9 Block 5 | Starlink Group 4-35,Space Launch Complex 40,True
2022-123,2022-10-04 21:36:00+00:00,2022-10-04 22:21:00+00:00,Atlas V 531 | SES-20 & SES-21,Space Launch Complex 41,True
2022-124,2022-10-05 16:00:57+00:00,2022-10-05 16:00:57+00:00,Falcon 9 Block 5 | Crew-5,Launch Complex 39A,True
2022-128,2022-10-08 23:05:00+00:00,2022-10-09 00:15:00+00:00,Falcon 9 Block 5 | Galaxy 33 & 34,Space Launch Complex 40,True
2022-134,2022-10-15 03:26:00+00:00,2022-10-15 05:22:00+00:00,Falcon 9 Block 5 | Hotbird 13F,Space Launch Complex 40,True
2022-136,2022-10-20 14:50:40+00:00,2022-10-20 14:50:40+00:00,Falcon 9 Block 5 | Starlink Group 4-36,Space Launch Complex 40,True
2022-144,2022-11-01 13:41:00+00:00,2022-11-01 14:11:00+00:00,Falcon Heavy | USSF-44,Launch Complex 39A,True
2022-146,2022-11-03 03:26:00+00:00,2022-11-03 05:22:00+00:00,Falcon 9 Block 5 | Hotbird 13G,Space Launch Complex 40,True
2022-153,2022-11-12 16:06:00+00:00,2022-11-12 18:06:00+00:00,Falcon 9 Block 5 | Galaxy 31 & 32,Space Launch Complex 40,True
2022-156,2022-11-16 06:04:00+00:00,2022-11-16 08:04:00+00:00,SLS Block 1 | Artemis I,Launch Complex 39B,True
2022-157,2022-11-23 02:57:00+00:00,2022-11-23 02:57:00+00:00,Falcon 9 Block 5 | Eutelsat 10B,Space Launch Complex 40,True
2022-159,2022-11-26 19:20:43+00:00,2022-11-26 19:20:43+00:00,Falcon 9 Block 5 | Dragon CRS-2 SpX-26,Launch Complex 39A,True
2022-166,2022-12-08 22:27:48+00:00,2022-12-08 22:27:48+00:00,Falcon 9 Block 5 | OneWeb 15,Launch Complex 39A,True
2022-168,2022-12-11 07:38:13+00:00,2022-12-11 07:38:13+00:00,Falcon 9 Block 5 | Hakuto-R M1 & Lunar Flashlight,Space Launch Complex 40,True
2022-174,2022-12-16 21:21:00+00:00,2022-12-16 22:48:00+00:00,Falcon 9 Block 5 | O3b mPower 1 & 2,Space Launch Complex 40,True
2022-175,2022-12-17 21:32:30+00:00,2022-12-17 21:32:30+00:00,Falcon 9 Block 5 | Starlink Group 4-37,Launch Complex 39A,True
2022-177,2022-12-28 09:30:00+00:00,2022-12-28 11:32:00+00:00,Falcon 9 Block 5 | Starlink Group 5-1,Space Launch Complex 40,True
2023-001,2023-01-03 14:55:56+00:00,2023-01-03 14:55:56+00:00,Falcon 9 Block 5 | Transporter 6 (Dedicated SSO Rideshare),Space Launch Complex 40,True
2023-004,2023-01-10 04:45:00+00:00,2023-01-10 05:05:00+00:00,Falcon 9 Block 5 | OneWeb 16,Space Launch Complex 40,True
2023-008,2023-01-15 22:56:00+00:00,2023-01-15 23:33:00+00:00,Falcon Heavy | USSF-67,Launch Complex 39A,True
2023-009,2023-01-18 12:10:00+00:00,2023-01-18 12:25:00+00:00,Falcon 9 Block 5 | GPS III SV06,Space Launch Complex 40,True
2023-013,2023-01-26 09:02:00+00:00,2023-01-26 11:24:00+00:00,Falcon 9 Block 5 | Starlink Group 5-2,Space Launch Complex 40,True
2023-015,2023-02-02 07:37:00+00:00,2023-02-02 12:07:00+00:00,Falcon 9 Block 5 | Starlink Group 5-3,Launch Complex 39A,True
2023-017,2023-02-06 22:32:00+00:00,2023-02-07 02:32:00+00:00,Falcon 9 Block 5 | Amazonas Nexus,Space Launch Complex 40,True
2023-020,2023-02-12 05:10:10+00:00,2023-02-12 05:10:10+00:00,Falcon 9 Block 5 | Starlink Group 5-4,Space Launch Complex 40,True
2023-022,2023-02-18 03:59:00+00:00,2023-02-18 05:28:00+00:00,Falcon 9 Block 5 | Inmarsat-6 F2,Space Launch Complex 40,True
2023-026,2023-02-27 23:13:50+00:00,2023-02-27 23:13:50+00:00,Falcon 9 Block 5 | Starlink Group 6-1,Space Launch Complex 40,True
2023-027,2023-03-02 05:34:14+00:00,2023-03-02 05:34:14+00:00,Falcon 9 Block 5 | Crew-6,Launch Complex 39A,True
2023-029,2023-03-09 19:13:28+00:00,2023-03-09 19:13:28+00:00,Falcon 9 Block 5 | OneWeb 17,Space Launch Complex 40,True
2023-033,2023-03-15 00:30:42+00:00,2023-03-15 00:30:42+00:00,Falcon 9 Block 5 | Dragon CRS-2 SpX-27,Launch Complex 39A,True
2023-035,2023-03-16 22:00:00+00:00,2023-03-17 00:00:00+00:00,Electron | Stronger Together (Capella 9-10),Rocket Lab Launch Complex 2 (Launch Area 0 C),True
2023-038,2023-03-17 23:38:00+00:00,2023-03-18 00:16:00+00:00,Falcon 9 Block 5 | SES-18 & SES-19,Space Launch Complex 40,True
,2023-03-23 02:00:00+00:00,2023-03-23 05:00:00+00:00,"Terran 1 | Good Luck, Have Fun (Maiden Flight)",Launch Complex 16,True
2023-042,2023-03-24 15:43:10+00:00,2023-03-24 18:55:00+00:00,Falcon 9 Block 5 | Starlink Group 5-5,Space Launch Complex 40,True
2023-046,2023-03-29 20:01:00+00:00,2023-03-29 23:54:00+00:00,Falcon 9 Block 5 | Starlink Group 5-10,Space Launch Complex 40,True
2023-052,2023-04-07 04:30:00+00:00,2023-04-07 06:29:00+00:00,Falcon 9 Block 5 | Intelsat 40e,Space Launch Complex 40,True
2023-056,2023-04-19 13:47:00+00:00,2023-04-19 14:31:10+00:00,Falcon 9 Block 5 | Starlink Group 6-2,Space Launch Complex 40,True
2023-059,2023-04-28 21:12:00+00:00,2023-04-28 22:40:00+00:00,Falcon 9 Block 5 | O3b mPower 3 & 4,Space Launch Complex 40,True
2023-060,2023-04-30 23:29:00+00:00,2023-05-01 00:26:00+00:00,Falcon Heavy | ViaSat-3 Americas & others,Launch Complex 39A,True
2023-061,2023-05-04 07:31:00+00:00,2023-05-04 07:31:00+00:00,Falcon 9 Block 5 | Starlink Group 5-6,Space Launch Complex 40,True
2023-065,2023-05-14 05:03:50+00:00,2023-05-14 05:03:50+00:00,Falcon 9 Block 5 | Starlink Group 5-9,Space Launch Complex 40,True
2023-067,2023-05-19 04:41:30+00:00,2023-05-19 07:09:00+00:00,Falcon 9 Block 5 | Starlink Group 6-3,Space Launch Complex 40,True
2023-070,2023-05-21 21:37:09+00:00,2023-05-21 21:37:09+00:00,Falcon 9 Block 5 | Axiom Space Mission 2,Launch Complex 39A,True
2023-075,2023-05-27 03:25:00+00:00,2023-05-27 05:32:00+00:00,Falcon 9 Block 5 | BADR-8,Space Launch Complex 40,True
2023-079,2023-06-04 09:56:00+00:00,2023-06-04 12:20:00+00:00,Falcon 9 Block 5 | Starlink Group 6-4,Space Launch Complex 40,True
2023-080,2023-06-05 15:47:00+00:00,2023-06-05 15:47:00+00:00,Falcon 9 Block 5 | Dragon CRS-2 SpX-28,Launch Complex 39A,True
2023-083,2023-06-12 07:10:50+00:00,2023-06-12 08:52:00+00:00,Falcon 9 Block 5 | Starlink Group 5-11,Space Launch Complex 40,True
2023-086,2023-06-18 22:04:00+00:00,2023-06-19 01:02:00+00:00,Falcon 9 Block 5 | Satria-1,Space Launch Complex 40,True
2023-089,2023-06-22 07:00:00+00:00,2023-06-22 11:45:00+00:00,Delta IV Heavy | NROL-68,Space Launch Complex 37B,True
2023-090,2023-06-23 13:56:10+00:00,2023-06-23 15:35:10+00:00,Falcon 9 Block 5 | Starlink Group 5-12,Space Launch Complex 40,True
2023-092,2023-07-01 15:12:00+00:00,2023-07-01 15:12:00+00:00,Falcon 9 Block 5 | Euclid,Space Launch Complex 40,True
2023-096,2023-07-10 03:58:50+00:00,2023-07-10 03:58:50+00:00,Falcon 9 Block 5 | Starlink Group 6-5,Space Launch Complex 40,True
2023-099,2023-07-16 03:50:00+00:00,2023-07-16 03:50:00+00:00,Falcon 9 Block 5 | Starlink Group 5-15,Space Launch Complex 40,True
2023-105,2023-07-23 23:09:20+00:00,2023-07-24 02:31:00+00:00,Falcon 9 Block 5 | Starlink Group 6-6,Space Launch Complex 40,True
2023-107,2023-07-28 02:20:10+00:00,2023-07-28 04:01:10+00:00,Falcon 9 Block 5 | Starlink Group 6-7,Space Launch Complex 40,True
2023-108,2023-07-29 03:04:00+00:00,2023-07-29 04:43:00+00:00,Falcon Heavy | EchoStar 24/Jupiter-3,Launch Complex 39A,True
2023-112,2023-08-03 04:15:00+00:00,2023-08-03 06:15:00+00:00,Falcon 9 Block 5 | Galaxy 37,Space Launch Complex 40,True
2023-113,2023-08-07 01:00:00+00:00,2023-08-07 04:22:00+00:00,Falcon 9 Block 5 | Starlink Group 6-8,Space Launch Complex 40,True
2023-119,2023-08-11 05:17:40+00:00,2023-08-11 05:17:40+00:00,Falcon 9 Block 5 | Starlink Group 6-9,Space Launch Complex 40,True
2023-122,2023-08-17 00:14:50+00:00,2023-08-17 04:00:00+00:00,Falcon 9 Block 5 | Starlink Group 6-10,Space Launch Complex 40,True
2023-126,2023-08-23 23:30:00+00:00,2023-08-24 03:30:00+00:00,Electron | We Love the Nightlife (Capella Acadia 1),Rocket Lab Launch Complex 1B,True
2023-128,2023-08-26 07:27:27+00:00,2023-08-26 07:27:27+00:00,Falcon 9 Block 5 | Crew-7,Launch Complex 39A,True
2023-129,2023-08-27 01:05:40+00:00,2023-08-27 03:04:30+00:00,Falcon 9 Block 5 | Starlink Group 6-11,Space Launch Complex 40,True
2023-131,2023-08-31 23:52:20+00:00,2023-09-01 03:12:20+00:00,Falcon 9 Block 5 | Starlink Group 6-13,Space Launch Complex 40,True
2023-134,2023-09-03 23:34:00+00:00,2023-09-04 03:05:30+00:00,Falcon 9 Block 5 | Starlink Group 6-12,Launch Complex 39A,True
2023-138,2023-09-08 23:56:10+00:00,2023-09-09 03:30:30+00:00,Falcon 9 Block 5 | Starlink Group 6-14,Space Launch Complex 40,True
2023-140,2023-09-10 12:47:00+00:00,2023-09-10 14:35:00+00:00,Atlas V 551 | NROL-107 (Silent Barker),Space Launch Complex 41,True
2023-144,2023-09-16 03:38:20+00:00,2023-09-16 04:07:30+00:00,Falcon 9 Block 5 | Starlink Group 6-16,Space Launch Complex 40,True
,2023-09-19 06:33:00+00:00,2023-09-19 06:55:00+00:00,Electron | We Will Never Desert You (Capella Acadia 2),Rocket Lab Launch Complex 1B,True
2023-146,2023-09-20 02:47:40+00:00,2023-09-20 05:46:30+00:00,Falcon 9 Block 5 | Starlink Group 6-17,Space Launch Complex 40,True
2023-147,2023-09-24 01:07:00+00:00,2023-09-24 04:05:30+00:00,Falcon 9 Block 5 | Starlink Group 6-18,Space Launch Complex 40,True
2023-151,2023-09-29 22:39:30+00:00,2023-09-30 02:15:50+00:00,Falcon 9 Block 5 | Starlink Group 6-19,Space Launch Complex 40,True
2023-153,2023-10-05 02:45:00+00:00,2023-10-05 05:57:00+00:00,Falcon 9 Block 5 | Starlink Group 6-21,Space Launch Complex 40,True
2023-154,2023-10-06 18:00:00+00:00,2023-10-06 20:00:00+00:00,Atlas V 501 | Project Kuiper Protoflight Mission (Atlas V #1),Space Launch Complex 41,True
2023-157,2023-10-13 14:19:43+00:00,2023-10-13 14:19:43+00:00,Falcon Heavy | Psyche,Launch Complex 39A,True
2023-158,2023-10-13 23:01:10+00:00,2023-10-14 02:29:30+00:00,Falcon 9 Block 5 | Starlink Group 6-22,Space Launch Complex 40,True
2023-160,2023-10-17 21:20:30+00:00,2023-10-18 00:48:30+00:00,Falcon 9 Block 5 | Starlink Group 6-23,Space Launch Complex 40,True
2023-162,2023-10-22 02:17:00+00:00,2023-10-22 06:15:30+00:00,Falcon 9 Block 5 | Starlink Group 6-24,Space Launch Complex 40,True
2023-167,2023-10-30 23:20:30+00:00,2023-10-31 02:22:00+00:00,Falcon 9 Block 5 | Starlink Group 6-25,Space Launch Complex 40,True
2023-170,2023-11-03 22:30:10+00:00,2023-11-04 02:22:20+00:00,Falcon 9 Block 5 | Starlink Group 6-26,Space Launch Complex 40,True
2023-171,2023-11-08 04:31:00+00:00,2023-11-08 07:59:10+00:00,Falcon 9 Block 5 | Starlink Group 6-27,Space Launch Complex 40,True
2023-173,2023-11-10 01:28:14+00:00,2023-11-10 01:28:14+00:00,Falcon 9 Block 5 | Dragon CRS-2 SpX-29,Launch Complex 39A,True
2023-175,2023-11-12 21:08:00+00:00,2023-11-12 22:37:00+00:00,Falcon 9 Block 5 | O3b mPower 5 & 6,Space Launch Complex 40,True
2023-177,2023-11-18 04:00:50+00:00,2023-11-18 07:59:30+00:00,Falcon 9 Block 5 | Starlink Group 6-28,Space Launch Complex 40,True
2023-180,2023-11-22 04:15:30+00:00,2023-11-22 07:59:40+00:00,Falcon 9 Block 5 | Starlink Group 6-29,Space Launch Complex 40,True
2023-183,2023-11-28 04:01:30+00:00,2023-11-28 07:58:10+00:00,Falcon 9 Block 5 | Starlink Group 6-30,Space Launch Complex 40,True
2023-186,2023-12-03 04:00:50+00:00,2023-12-03 04:51:20+00:00,Falcon 9 Block 5 | Starlink Group 6-31,Space Launch Complex 40,True
2023-191,2023-12-07 04:01:00+00:00,2023-12-07 07:59:00+00:00,Falcon 9 Block 5 | Starlink Group 6-33,Space Launch Complex 40,True
2023-200,2023-12-19 04:01:00+00:00,2023-12-19 07:59:00+00:00,Falcon 9 Block 5 | Starlink Group 6-34,Space Launch Complex 40,True
2023-203,2023-12-23 04:00:00+00:00,2023-12-23 08:00:00+00:00,Falcon 9 Block 5 | Starlink Group 6-32,Space Launch Complex 40,True
2023-210,2023-12-29 01:07:00+00:00,2023-12-29 01:17:00+00:00,Falcon Heavy | OTV-7 (X-37B) (USSF-52),Launch Complex 39A,True
2023-211,2023-12-29 04:01:40+00:00,2023-12-29 07:59:50+00:00,Falcon 9 Block 5 | Starlink Group 6-36,Space Launch Complex 40,True
2024-003,2024-01-03 23:04:00+00:00,2024-01-03 23:14:00+00:00,Falcon 9 Block 5 | Ovzon-3,Space Launch Complex 40,True
2024-005,2024-01-07 21:00:40+00:00,2024-01-08 00:35:10+00:00,Falcon 9 Block 5 | Starlink Group 6-35,Space Launch Complex 40,True
2024-006,2024-01-08 07:18:00+00:00,2024-01-08 08:03:00+00:00,Vulcan VC2S | Peregrine lunar lander (Maiden flight),Space Launch Complex 41,True
2024-012,2024-01-15 00:27:00+00:00,2024-01-15 04:23:40+00:00,Falcon 9 Block 5 | Starlink Group 6-37,Space Launch Complex 40,True
2024-014,2024-01-18 21:49:11+00:00,2024-01-18 21:49:11+00:00,Falcon 9 Block 5 | Axiom Space Mission 3,Launch Complex 39A,True
2024-019,2024-01-28 23:15:00+00:00,2024-01-29 02:55:00+00:00,Falcon 9 Block 5 | Starlink Group 6-38,Launch Complex 39A,True
2024-021,2024-01-30 17:07:21+00:00,2024-01-30 17:07:21+00:00,Falcon 9 Block 5 | Cygnus CRS-2 NG-20 (S.S. Patricia ‚ÄúPatty‚Äù Hilliard Robertson),Space Launch Complex 40,True
2024-025,2024-02-08 06:33:36+00:00,2024-02-08 06:33:36+00:00,"Falcon 9 Block 5 | PACE (Plankton, Aerosol, Cloud, ocean Ecosystem)",Space Launch Complex 40,True
2024-028,2024-02-14 22:30:00+00:00,2024-02-15 03:00:00+00:00,Falcon 9 Block 5 | USSF-124,Space Launch Complex 40,True
2024-030,2024-02-15 06:05:37+00:00,2024-02-15 06:05:37+00:00,Falcon 9 Block 5 | Nova-C IM-1,Launch Complex 39A,True
2024-035,2024-02-20 20:11:00+00:00,2024-02-20 22:11:00+00:00,Falcon 9 Block 5 | HTS-113BT (Merah Putih 2),Space Launch Complex 40,True
2024-038,2024-02-25 21:34:00+00:00,2024-02-26 01:34:00+00:00,Falcon 9 Block 5 | Starlink Group 6-39,Space Launch Complex 40,True
2024-041,2024-02-29 15:30:00+00:00,2024-02-29 17:30:00+00:00,Falcon 9 Block 5 | Starlink Group 6-40,Space Launch Complex 40,True
2024-042,2024-03-04 03:53:38+00:00,2024-03-04 03:53:38+00:00,Falcon 9 Block 5 | Crew-8,Launch Complex 39A,True
2024-044,2024-03-04 23:56:00+00:00,2024-03-05 03:54:00+00:00,Falcon 9 Block 5 | Starlink Group 6-41,Space Launch Complex 40,True
2024-045,2024-03-10 23:05:00+00:00,2024-03-11 03:03:00+00:00,Falcon 9 Block 5 | Starlink Group 6-43,Space Launch Complex 40,True
2024-049,2024-03-15 22:39:00+00:00,2024-03-16 02:39:00+00:00,Falcon 9 Block 5 | Starlink Group 6-44,Launch Complex 39A,True
2024-054,2024-03-21 20:55:09+00:00,2024-03-21 20:55:09+00:00,Falcon 9 Block 5 | Dragon CRS-2 SpX-30,Space Launch Complex 40,True
2024-056,2024-03-23 23:29:00+00:00,2024-03-24 03:29:00+00:00,Falcon 9 Block 5 | Starlink Group 6-42,Launch Complex 39A,True
2024-057,2024-03-25 21:52:00+00:00,2024-03-26 01:00:00+00:00,Falcon 9 Block 5 | Starlink Group 6-46,Space Launch Complex 40,True
2024-059,2024-03-30 21:52:00+00:00,2024-03-31 01:50:00+00:00,Falcon 9 Block 5 | Eutelsat 36D,Launch Complex 39A,True
2024-060,2024-03-31 01:02:00+00:00,2024-03-31 02:00:00+00:00,Falcon 9 Block 5 | Starlink Group 6-45,Space Launch Complex 40,True
2024-064,2024-04-05 06:14:00+00:00,2024-04-05 10:14:00+00:00,Falcon 9 Block 5 | Starlink Group 6-47,Space Launch Complex 40,True
2024-066,2024-04-07 23:16:57+00:00,2024-04-07 23:16:57+00:00,Falcon 9 Block 5 | Bandwagon 1 (Dedicated Mid-Inclination Rideshare),Launch Complex 39A,True
2024-067,2024-04-09 16:53:00+00:00,2024-04-09 22:51:00+00:00,Delta IV Heavy | NROL-70,Space Launch Complex 37B,True
2024-068,2024-04-10 04:04:00+00:00,2024-04-10 07:30:00+00:00,Falcon 9 Block 5 | Starlink Group 6-48,Space Launch Complex 40,True
2024-071,2024-04-13 01:22:00+00:00,2024-04-13 04:48:00+00:00,Falcon 9 Block 5 | Starlink Group 6-49,Space Launch Complex 40,True
2024-073,2024-04-17 21:26:00+00:00,2024-04-18 01:24:00+00:00,Falcon 9 Block 5 | Starlink Group 6-51,Launch Complex 39A,True
2024-074,2024-04-18 22:40:00+00:00,2024-04-19 02:40:00+00:00,Falcon 9 Block 5 | Starlink Group 6-52,Space Launch Complex 40,True
2024-076,2024-04-23 22:17:00+00:00,2024-04-24 01:25:00+00:00,Falcon 9 Block 5 | Starlink Group 6-53,Space Launch Complex 40,True
2024-079,2024-04-28 00:34:00+00:00,2024-04-28 00:34:00+00:00,Falcon 9 Block 5 | Galileo L12 (FOC FM25 & FM27),Launch Complex 39A,True
2024-080,2024-04-28 22:08:00+00:00,2024-04-29 01:48:00+00:00,Falcon 9 Block 5 | Starlink Group 6-54,Space Launch Complex 40,True
2024-082,2024-05-03 01:49:00+00:00,2024-05-03 05:17:00+00:00,Falcon 9 Block 5 | Starlink Group 6-55,Space Launch Complex 40,True
2024-084,2024-05-06 16:36:00+00:00,2024-05-06 18:48:00+00:00,Falcon 9 Block 5 | Starlink Group 6-57,Space Launch Complex 40,True
2024-086,2024-05-08 15:00:00+00:00,2024-05-08 18:42:00+00:00,Falcon 9 Block 5 | Starlink Group 6-56,Launch Complex 39A,True
2024-090,2024-05-13 00:53:00+00:00,2024-05-13 04:11:00+00:00,Falcon 9 Block 5 | Starlink Group 6-58,Space Launch Complex 40,True
2024-093,2024-05-18 00:32:00+00:00,2024-05-18 03:30:00+00:00,Falcon 9 Block 5 | Starlink Group 6-59,Space Launch Complex 40,True
2024-097,2024-05-23 02:35:00+00:00,2024-05-23 06:31:00+00:00,Falcon 9 Block 5 | Starlink Group 6-62,Space Launch Complex 40,True
2024-098,2024-05-23 22:45:00+00:00,2024-05-24 02:45:00+00:00,Falcon 9 Block 5 | Starlink Group 6-63,Launch Complex 39A,True
2024-100,2024-05-28 11:30:00+00:00,2024-05-28 15:28:00+00:00,Falcon 9 Block 5 | Starlink Group 6-60,Space Launch Complex 40,True
2024-106,2024-05-31 22:47:00+00:00,2024-06-01 02:37:00+00:00,Falcon 9 Block 5 | Starlink Group 6-64,Space Launch Complex 40,True
2024-107,2024-06-05 02:16:00+00:00,2024-06-05 02:16:00+00:00,Falcon 9 Block 5 | Starlink Group 8-5,Space Launch Complex 40,True
2024-109,2024-06-05 14:52:15+00:00,2024-06-05 14:52:15+00:00,Atlas V N22 | CST-100 Starliner Crewed Flight Test,Space Launch Complex 41,True
2024-111,2024-06-08 00:00:00+00:00,2024-06-08 02:10:00+00:00,Falcon 9 Block 5 | Starlink Group 10-1,Space Launch Complex 40,True
2024-115,2024-06-20 21:35:00+00:00,2024-06-21 00:24:00+00:00,Falcon 9 Block 5 | Astra 1P/SES-24,Space Launch Complex 40,True
2024-117,2024-06-23 17:15:00+00:00,2024-06-23 21:01:00+00:00,Falcon 9 Block 5 | Starlink Group 10-2,Space Launch Complex 40,True
2024-119,2024-06-25 21:16:00+00:00,2024-06-25 23:16:00+00:00,Falcon Heavy | GOES-U,Launch Complex 39A,True
2024-120,2024-06-27 11:14:00+00:00,2024-06-27 15:00:00+00:00,Falcon 9 Block 5 | Starlink Group 10-3,Space Launch Complex 40,True
2024-124,2024-07-03 06:57:00+00:00,2024-07-03 09:59:00+00:00,Falcon 9 Block 5 | Starlink Group 8-9,Space Launch Complex 40,True
2024-127,2024-07-08 21:21:00+00:00,2024-07-09 01:21:00+00:00,Falcon 9 Block 5 | T√ºrksat 6A,Space Launch Complex 40,True
2024-131,2024-07-27 04:21:00+00:00,2024-07-27 08:21:00+00:00,Falcon 9 Block 5 | Starlink Group 10-9,Launch Complex 39A,True
2024-132,2024-07-28 04:17:00+00:00,2024-07-28 08:01:00+00:00,Falcon 9 Block 5 | Starlink Group 10-4,Space Launch Complex 40,True
2024-134,2024-07-30 10:45:00+00:00,2024-07-30 15:45:00+00:00,Atlas V 551 | USSF-51,Space Launch Complex 41,True
2024-136,2024-08-02 04:19:00+00:00,2024-08-02 08:19:00+00:00,Falcon 9 Block 5 | Starlink Group 10-6,Launch Complex 39A,True
2024-139,2024-08-04 15:02:53+00:00,2024-08-04 15:02:53+00:00,Falcon 9 Block 5 | Cygnus CRS-2 NG-21 (S.S. Francis R. ‚ÄúDick‚Äù Scobee),Space Launch Complex 40,True
2024-141,2024-08-10 12:00:00+00:00,2024-08-10 14:48:00+00:00,Falcon 9 Block 5 | Starlink Group 8-3,Space Launch Complex 40,True
2024-142,2024-08-11 11:23:00+00:00,2024-08-11 14:00:00+00:00,Electron | A Sky Full of SARs (Capella Acadia 3),Rocket Lab Launch Complex 1B,True
2024-144,2024-08-12 10:37:00+00:00,2024-08-12 13:49:00+00:00,Falcon 9 Block 5 | Starlink Group 10-7,Launch Complex 39A,True
2024-146,2024-08-15 13:00:00+00:00,2024-08-15 14:00:00+00:00,Falcon 9 Block 5 | WorldView Legion 3 & 4,Space Launch Complex 40,True
2024-150,2024-08-20 09:36:00+00:00,2024-08-20 13:20:00+00:00,Falcon 9 Block 5 | Starlink Group 10-5,Space Launch Complex 40,True
2024-152,2024-08-28 05:50:00+00:00,2024-08-28 09:50:00+00:00,Falcon 9 Block 5 | Starlink Group 8-6,Space Launch Complex 40,True
2024-154,2024-08-31 05:39:00+00:00,2024-08-31 09:39:00+00:00,Falcon 9 Block 5 | Starlink Group 8-10,Space Launch Complex 40,True
2024-158,2024-09-05 12:35:00+00:00,2024-09-05 16:31:00+00:00,Falcon 9 Block 5 | Starlink Group 8-11,Space Launch Complex 40,True
2024-161,2024-09-10 07:38:00+00:00,2024-09-10 11:09:00+00:00,Falcon 9 Block 5 | Polaris Dawn,Launch Complex 39A,True
2024-163,2024-09-12 08:52:00+00:00,2024-09-12 12:52:00+00:00,Falcon 9 Block 5 | BlueBird Block 1,Space Launch Complex 40,True
2024-167,2024-09-17 22:50:49+00:00,2024-09-17 22:50:49+00:00,Falcon 9 Block 5 | Galileo L13 (FOC FM26 & FM32),Space Launch Complex 40,True
2024-178,2024-09-28 17:17:21+00:00,2024-09-28 17:17:21+00:00,Falcon 9 Block 5 | Crew-9,Space Launch Complex 40,True
2024-179,2024-10-04 10:00:00+00:00,2024-10-04 13:00:00+00:00,Vulcan VC2S | Certification Flight 2,Space Launch Complex 41,True
2024-180,2024-10-07 14:52:11+00:00,2024-10-07 14:52:11+00:00,Falcon 9 Block 5 | Hera,Space Launch Complex 40,True
2024-182,2024-10-14 16:05:45+00:00,2024-10-14 16:06:00+00:00,Falcon Heavy | Europa Clipper,Launch Complex 39A,True
2024-183,2024-10-15 05:34:00+00:00,2024-10-15 09:22:00+00:00,Falcon 9 Block 5 | Starlink Group 10-10,Space Launch Complex 40,True
2024-187,2024-10-18 19:31:00+00:00,2024-10-18 23:31:00+00:00,Falcon 9 Block 5 | Starlink Group 8-19,Space Launch Complex 40,True
2024-191,2024-10-23 21:47:00+00:00,2024-10-24 01:23:00+00:00,Falcon 9 Block 5 | Starlink Group 6-61,Space Launch Complex 40,True
2024-193,2024-10-26 21:47:00+00:00,2024-10-27 01:47:00+00:00,Falcon 9 Block 5 | Starlink Group 10-8,Space Launch Complex 40,True
2024-196,2024-10-30 21:10:00+00:00,2024-10-31 01:08:00+00:00,Falcon 9 Block 5 | Starlink Group 10-13,Space Launch Complex 40,True
2024-200,2024-11-05 02:29:31+00:00,2024-11-05 02:29:31+00:00,Falcon 9 Block 5 | Dragon CRS-2 SpX-31,Launch Complex 39A,True
2024-202,2024-11-07 20:13:00+00:00,2024-11-08 00:09:00+00:00,Falcon 9 Block 5 | Starlink Group 6-77,Space Launch Complex 40,True
2024-206,2024-11-11 17:07:00+00:00,2024-11-11 21:07:00+00:00,Falcon 9 Block 5 | Koreasat 6A,Launch Complex 39A,True
2024-207,2024-11-11 21:02:00+00:00,2024-11-12 00:44:00+00:00,Falcon 9 Block 5 | Starlink Group 6-69,Space Launch Complex 40,True
2024-210,2024-11-14 10:33:00+00:00,2024-11-14 14:33:00+00:00,Falcon 9 Block 5 | Starlink Group 6-68,Space Launch Complex 40,True
2024-212,2024-11-17 21:29:00+00:00,2024-11-17 23:27:00+00:00,Falcon 9 Block 5 | Optus-X/TD7,Launch Complex 39A,True
2024-214,2024-11-18 18:31:00+00:00,2024-11-18 20:20:00+00:00,Falcon 9 Block 5 | GSAT-20 (GSAT-N2),Space Launch Complex 40,True
2024-216,2024-11-21 16:07:50+00:00,2024-11-21 19:49:00+00:00,Falcon 9 Block 5 | Starlink Group 6-66,Space Launch Complex 40,True
2024-220,2024-11-25 09:32:00+00:00,2024-11-25 13:32:00+00:00,Falcon 9 Block 5 | Starlink Group 12-1,Space Launch Complex 40,True
2024-222,2024-11-27 03:05:00+00:00,2024-11-27 06:30:00+00:00,Falcon 9 Block 5 | Starlink Group 6-76,Launch Complex 39A,True
2024-224,2024-11-30 05:00:00+00:00,2024-11-30 09:00:00+00:00,Falcon 9 Block 5 | Starlink Group 6-65,Space Launch Complex 40,True
2024-229,2024-12-04 08:29:00+00:00,2024-12-04 12:29:00+00:00,Falcon 9 Block 5 | Starlink Group 6-70,Space Launch Complex 40,True
2024-234,2024-12-05 16:10:00+00:00,2024-12-05 17:40:00+00:00,Falcon 9 Block 5 | Sirius SXM-9,Launch Complex 39A,True
2024-237,2024-12-08 05:12:30+00:00,2024-12-08 09:02:20+00:00,Falcon 9 Block 5 | Starlink Group 12-5,Space Launch Complex 40,True
2024-242,2024-12-17 00:52:00+00:00,2024-12-17 00:52:00+00:00,Falcon 9 Block 5 | GPS III SV07 (RRT-1),Space Launch Complex 40,True
2024-244,2024-12-17 20:59:00+00:00,2024-12-17 22:26:00+00:00,Falcon 9 Block 5 | O3b mPower 7 & 8,Launch Complex 39A,True
2024-249,2024-12-23 05:35:30+00:00,2024-12-23 08:21:20+00:00,Falcon 9 Block 5 | Starlink Group 12-2,Launch Complex 39A,True
2024-252,2024-12-29 05:00:00+00:00,2024-12-29 07:30:00+00:00,Falcon 9 Block 5 | Astranis: From One to Many (4x Astranis MicroGEO),Space Launch Complex 40,True
2024-254,2024-12-31 05:39:10+00:00,2024-12-31 06:28:10+00:00,Falcon 9 Block 5 | Starlink Group 12-6,Launch Complex 39A,True
2025-001,2025-01-04 01:27:00+00:00,2025-01-04 05:27:00+00:00,Falcon 9 Block 5 | Thuraya 4-NGS,Space Launch Complex 40,True
2025-003,2025-01-06 16:44:00+00:00,2025-01-06 21:15:00+00:00,Falcon 9 Block 5 | Starlink Group 6-71,Space Launch Complex 40,True
2025-004,2025-01-08 15:27:00+00:00,2025-01-08 19:17:59+00:00,Falcon 9 Block 5 | Starlink Group 12-11,Launch Complex 39A,True
2025-006,2025-01-10 15:27:00+00:00,2025-01-10 19:15:09+00:00,Falcon 9 Block 5 | Starlink Group 12-12,Space Launch Complex 40,True
2025-008,2025-01-13 14:59:00+00:00,2025-01-13 18:45:00+00:00,Falcon 9 Block 5 | Starlink Group 12-4,Space Launch Complex 40,True
2025-010,2025-01-15 06:06:00+00:00,2025-01-15 06:45:00+00:00,Falcon 9 Block 5 | Blue Ghost Lunar Lander Mission 1 & Hakuto-R M2 ‚ÄúResilience‚Äù,Launch Complex 39A,True
2025-011,2025-01-16 06:00:00+00:00,2025-01-16 09:00:00+00:00,New Glenn | Maiden Flight,Launch Complex 36A,True
2025-014,2025-01-21 05:24:50+00:00,2025-01-21 09:11:49+00:00,Falcon 9 Block 5 | Starlink Group 13-1,Launch Complex 39A,True
2025-019,2025-01-27 20:22:40+00:00,2025-01-27 23:21:00+00:00,Falcon 9 Block 5 | Starlink Group 12-7,Space Launch Complex 40,True
2025-021,2025-01-30 01:34:00+00:00,2025-01-30 03:34:00+00:00,Falcon 9 Block 5 | SpainSat NG I,Launch Complex 39A,True
2025-024,2025-02-04 08:27:10+00:00,2025-02-04 11:24:19+00:00,Falcon 9 Block 5 | Starlink Group 12-3,Space Launch Complex 40,True
2025-025,2025-02-04 23:07:00+00:00,2025-02-05 00:07:00+00:00,Falcon 9 Block 5 | WorldView Legion 5 & 6,Launch Complex 39A,True
2025-027,2025-02-08 18:23:00+00:00,2025-02-08 22:08:00+00:00,Falcon 9 Block 5 | Starlink Group 12-9,Space Launch Complex 40,True
2025-031,2025-02-11 18:53:20+00:00,2025-02-11 20:44:29+00:00,Falcon 9 Block 5 | Starlink Group 12-18,Space Launch Complex 40,True
2025-032,2025-02-15 06:14:10+00:00,2025-02-15 07:15:59+00:00,Falcon 9 Block 5 | Starlink Group 12-8,Space Launch Complex 40,True
